{"cameraMode":{"drawMode":0,"name":"Shaded","section":"Shading Mode"},"sceneLighting":true,"audioPlay":false,"sceneViewState":{"showFog":true,"showMaterialUpdate":true,"showSkybox":true,"showFlares":true,"showImageEffects":true,"showParticleSystems":true},"in2DMode":false,"pivot":{"x":1.221673607826233,"y":5.014762878417969,"z":-6.631377696990967},"rotation":{"x":-0.004057782236486673,"y":-0.9931963682174683,"z":0.1106996163725853,"w":-0.03636008873581886},"size":7.674652099609375,"orthographic":false}